{"0": [-0.6809626631055083, -0.7699572608434154], "8": [-0.41360153718668213, -0.6947258308815011], "45": [-0.6205566883213619, -1.0], "14": [-0.8421555881395548, -0.62661747142168], "42": [-0.9301359239547038, -0.8868045965970995], "3": [0.24463243038740393, -0.384571363401858], "27": [0.24789238837938016, -0.17146215431233844], "22": [0.4111944472942599, -0.5092769250384063], "26": [0.004879002748847791, 0.12561962756634712], "33": [0.19400143443400739, 0.5341133537705715], "43": [0.02480250063230699, 0.3914127370061421], "47": [-0.3979699019480527, 0.21423074015006333], "20": [-0.15642168361944953, 0.22614967300195365], "15": [0.14555016231891643, -0.01219047889082473], "48": [-0.18587417312137022, 0.5093565741846637], "32": [0.07481992200303639, -0.049070183388327915], "2": [-0.07088008425515731, -0.13525184478892885], "91": [-0.20250072904778058, -0.2529992855442686], "16": [0.566812354481241, -0.12709301641914666], "39": [0.8126848472721947, -0.1800341663214506], "75": [0.7229931236394219, -0.3988558856520119], "25": [0.2156173436267286, 0.274075026587426], "9": [0.2822120527130121, -0.05932066810629551], "57": [0.4770707973459684, 0.04926680143454045], "40": [0.023712912975750827, 0.5738141554941845], "49": [-0.09435681841850893, 0.03931221901617708], "66": [0.12914112745301523, 0.21957640895344044], "17": [-0.2289149679966622, -0.21572726517300775], "84": [0.09664641163443762, -0.3260743654882602], "70": [-0.4460872808700183, -0.4096604462098443], "88": [-0.04335260130868028, -0.34144092164019507], "4": [-0.24542342216765783, 0.4691701400451517], "71": [-0.42921025355864273, 0.1565199511140954], "19": [-0.4274431000393625, 0.50021670476547], "5": [-0.3034983137411395, -0.49693293130349575], "82": [-0.507504299717575, -0.27136269876845537], "18": [0.5465046788054335, 0.17008441244815345], "78": [0.32430790753302735, 0.14040979406835563], "77": [-0.2851901733406128, -0.14399092589687826], "28": [-0.11113472257069855, -0.6501995952967378], "34": [0.06273999439789199, -0.5148670382574383], "81": [0.15046867597716967, 0.0840294314833994], "13": [0.3367704911740872, -0.0069705011506246235], "90": [0.36898844773264317, 0.08122413534876485], "85": [0.45529515475974014, 0.08346073246328957], "62": [-0.30900505026265473, 0.023158361374669555], "80": [-0.24878719028900378, -0.40163336976356917], "55": [-0.1176091151378097, 0.5064693943927329], "60": [-0.7033356670134386, 0.5969044906309408], "51": [-0.6849803302313424, 0.7212558501928095], "56": [0.0893447076272573, 0.32412555132773313], "79": [0.24094042943997945, 0.34490928665919945], "52": [0.33413479793210443, -0.6357733049587291], "92": [0.17277463014673408, -0.6892867698883401], "37": [-0.853467929796013, -0.31895608219380167], "98": [-0.8239207554645217, -0.41861003761498966], "87": [-0.06996107739905058, 0.8140998730017479], "83": [0.05109490480326462, 1.0], "86": [-0.3609135166177038, 0.3294445983921731], "53": [-0.2758838759330575, 0.7232084661992932], "7": [-0.08611451010567225, 0.6695712072508454], "61": [-0.40706200248993263, 0.7916769566498715], "68": [0.36070189924308477, -0.3948220867970292], "76": [-0.7840826872606149, 0.11872820111780943], "29": [-0.7388178432645289, 0.35123850896376707], "63": [0.020630029619980637, 0.2902787005252887], "69": [-0.05498822373579313, -0.8830247201734821], "44": [-0.20100984699581936, -0.9885767284073771], "67": [-0.22409135690809406, -0.5359982252895781], "99": [0.40566494277067155, 0.26069846337543523], "1": [-0.0107453293212656, -0.6768011926552429], "97": [-0.39700336950759496, -0.20398102616523817], "59": [0.8710782165937524, -0.4350377779735802], "73": [0.564310661507874, -0.28531352386914133], "11": [0.9131394264820147, -0.27036858510344025], "72": [-0.601112402237839, -0.4736071915311897], "74": [-0.780395678137106, -0.23619981059844966], "10": [0.6404163611623502, -0.6130166824781991], "12": [0.8431443754378727, -0.27721786954651023], "31": [-0.5053572619783046, -0.5725659526136909], "96": [0.3610173931285068, 0.7108071107855], "24": [-0.3999261706543181, 0.0979614819834939], "89": [-0.09634275991651241, 0.9646258270429269], "50": [1.0, -0.5427889037347292], "54": [-1.0, -0.025460432609455807], "93": [-0.5513894440641163, -0.1350852327070175]}