{"2": [0.858812433840454, 0.13682262594760516], "17": [0.7527039781045194, -0.12290973329089822], "6": [0.9548621259713638, 0.08826502835354846], "27": [0.7038243505242241, 0.14456752321991354], "47": [0.752040259863793, 0.06497077465347303], "3": [0.16513151449309, -0.3019955501166289], "10": [0.1481906142384085, -0.5001457808308554], "25": [0.36623225388456077, -0.21190341687638373], "29": [0.05673301562466028, -0.37809323868904243], "7": [0.02230896820696237, -0.20058386190321065], "32": [0.28702446816276067, 0.04201700363876159], "9": [0.3941904838561186, 0.374981945626812], "37": [0.4646641497472803, 0.24371372151485643], "13": [0.3237898000850584, -0.6249430046399701], "28": [0.30682072093210505, -0.7776534294038973], "5": [0.4156196117828928, -0.6378478592230074], "16": [0.5899594201836512, 0.3001968597224467], "39": [0.5116107040345486, -0.04720010286372087], "4": [0.7495430488263943, -0.33204353985933366], "12": [0.4975874913418956, -0.2875393567525805], "24": [0.367755677559329, -0.8303023323851696], "46": [0.5135099017659532, -0.9427177772066982], "26": [0.1902414944474632, -0.217493802306418], "38": [0.28520492596770447, -0.44672658776264534], "48": [0.5830428614278703, -0.00023753316250201966], "42": [0.12877170715363265, -0.7322417422052121], "45": [0.2012263121473698, -0.4447476507945991], "31": [0.04172292550058336, -0.7506220544062367], "43": [-0.07671585335835826, -0.32911557077755144], "19": [-0.12508915021662947, -0.5342411707079119], "44": [0.4505349486306725, -0.30651556059974233], "14": [0.6810989068370622, -0.29644957174164566], "30": [0.43470696523042457, 0.0012026587721253048], "35": [-0.03803867688806173, -0.15692624321859555], "51": [-0.22089261189396853, -0.28743105964068344], "49": [-0.00279429885225237, -1.0], "87": [-0.13951713431372173, -0.7333391679855434], "85": [-0.32861181416103896, -0.13923521446463838], "70": [0.23253916013801737, -0.2890913448230295], "22": [0.4470873738584456, -0.5093861017164198], "1": [-0.43814544259030114, -0.5285571593827915], "56": [-0.7548636033832853, -0.22359213649547074], "97": [-0.6754128267918772, -0.4812046013765195], "82": [-0.1766146997155897, -0.7963158209455512], "73": [-0.08539447598895157, -0.6658144969369075], "94": [0.9948427223778941, -0.18242858515860721], "64": [1.0, -0.07348577313073597], "59": [-0.8020211674046429, 0.9826047315652529], "81": [-0.7406830147657928, 0.6422218449942412], "40": [-0.73691639719923, 1.0], "67": [0.30754354417621976, 0.44476675301334084], "88": [0.24731947194517662, 0.4204784321727239], "50": [-0.4664324109348539, -0.3377989231766203], "86": [-0.5642077990359964, -0.4267829466396127], "57": [-0.7793875914835727, -0.5894808291225101], "71": [-0.8681099821185666, -0.7036412066839064], "68": [-0.7723945260874997, 0.4306355774484205], "66": [-0.6573470592759181, 0.08333005697115767], "65": [-0.27632488339254146, -0.46286377275713714], "74": [-0.078259396805662, -0.06668961563723926], "72": [0.09727099618802217, -0.0033897531499221777], "80": [-0.41647612307672244, -0.28016921143213036], "52": [-0.450236650798287, -0.15509019319460562], "53": [-0.37862841292136495, -0.9919743225679855], "98": [-0.4968587631163508, -0.7458046832326015], "90": [-0.6551759940899805, -0.24545733295156016], "99": [-0.33210140236695773, -0.027556477818596603], "89": [-0.686188255073315, -0.37823059720983254], "78": [-0.8824154460809741, -0.25804868877212844], "93": [-0.7903895811651381, -0.40448684687684366], "91": [-0.9147287638378393, -0.46097967986846305], "95": [-0.9663370435938415, -0.0332633360266523], "75": [-1.0, -0.13481906479015693], "54": [-0.6727256920777591, -0.5889203478329018], "62": [-0.3780325033242192, 0.32298072254984217], "63": [-0.44112443635448867, 0.28207733947961994]}