{"0": [-0.3690993449222004, -0.1749003446358746], "11": [-0.5537842498893767, -0.5393324995407843], "3": [-0.5504365636991606, -0.33186981153897993], "1": [-0.4959571477276387, 0.1323818037242101], "33": [-0.547372124946163, 0.4068862978961441], "23": [-0.45084015499051533, 0.16666257074039792], "35": [-0.6219205644112067, 0.2255471999070451], "8": [-0.6875147546268935, -0.5210075132540508], "30": [-0.8004468244988645, -0.6321792616450637], "12": [-0.7412784768198061, -0.2866462314719145], "9": [-0.9664135956920623, -0.5106777029000626], "10": [-0.846059162828879, -0.27058669579732336], "27": [-0.7882594589092485, -0.49742630602061816], "37": [-0.7581928955697053, -0.055909485262577656], "36": [-0.5596520093497822, -0.06007962874803331], "15": [-0.6559014569667649, -0.8462323518274987], "42": [-0.6585669702487781, -0.6410990791907991], "13": [-0.28275058524442176, -0.7385546848832333], "21": [-0.3332862723315977, -0.731555715826681], "41": [-0.2882159090847235, -0.3091474401099697], "14": [-0.8042939278115002, -0.29908100755882244], "7": [-1.0, -0.3265894117907254], "18": [-0.4988832252453395, 0.9907753028046651], "45": [-0.5325255030942819, 0.6093891704858959], "39": [-0.5633081594450418, 1.0], "40": [-0.686677889286201, 0.17577048228059297], "48": [-0.33986567895911646, -0.03494565903631517], "26": [-0.7213487186035421, -0.025907743535704707], "28": [-0.5472005339497639, 0.7093183547830072], "16": [-0.5004596890658547, 0.31816898627297935], "46": [-0.6123287422444941, 0.590834515569569], "4": [-0.6157666875339222, 0.448267329110958], "20": [-0.7841516991815968, 0.5475089999133083], "47": [-0.6686863706576025, 0.5114774045392547], "24": [-0.8217922992537099, 0.20983960405577942], "6": [-0.22321326204357678, -0.09948650098116447], "32": [-0.8493864546423373, 0.08572355656888674], "43": [-0.7189858703899511, 0.4525425743630893], "2": [-0.8459632790949215, 0.41230598592864137], "44": [-0.32725869779785116, -1.0], "49": [-0.7255612015179651, -0.11615473039058326], "73": [0.07806142880328146, -0.2683192700687743], "74": [0.18286860359467322, -0.02658027093594197], "61": [0.16925013654643967, -0.319395063346888], "52": [0.7907849912079778, 0.06542990289568545], "77": [0.5869117478889897, -0.04880922612765708], "83": [0.7393570991794608, 0.035695473030770565], "59": [0.8806498721083759, -0.21634575785695934], "91": [0.6964771630812113, -0.31121358084325507], "86": [0.8336010930308501, -0.33984774517086747], "63": [0.2777766086970507, -0.6058326202893815], "60": [0.18004162369848753, -0.6866630106853362], "64": [0.5123714596295035, 0.1617854522767158], "99": [0.4485079976815856, -0.08995878539181945], "65": [0.306995049210115, -0.5139308684084299], "50": [0.4023329622566224, -0.3549169156550106], "51": [0.5127492397956808, -0.442777651184629], "94": [0.43766821121489374, -0.7368690429156635], "67": [0.5935620406314656, 0.09124947967888801], "97": [0.40469126312474213, 0.0035538615279698794], "71": [0.8412631288620481, 0.1471615233686358], "90": [0.7133421675747884, 0.3198295438084508], "53": [1.0, 0.062348803622727496], "68": [0.821087301416827, -0.1110985096628761], "72": [0.5528465052995989, 0.3791532951941059], "93": [0.49983627702711697, 0.012566519771526913], "82": [0.44692055202173986, 0.350981074670188], "95": [0.34495897410590926, -0.23477056307003877], "96": [0.3170077201213482, -0.1453185712154681], "92": [0.22838206801845562, -0.48588913952666657], "79": [0.4550121775471326, -0.2619225762632996], "55": [0.6342638298121279, 0.29866066941811814], "62": [0.6652164061529542, -0.2388419676067638], "80": [0.9672160430183321, -0.08674952988664573], "84": [0.8082401263385434, 0.5550379639849599], "85": [0.8010345088837424, 0.36690635884479866], "87": [0.2910791671888047, -0.826940275849263], "88": [0.6409474115378602, 0.4825852900899521], "89": [0.13227125188771557, -0.5464495880098139], "54": [0.750003908173135, 0.6606254228746248], "78": [0.35404063296278276, 0.27240939635997363], "98": [0.5937833129626006, -0.21227523374414115]}