{"gamma": 1, "beta2": 0.2, "beta3": 4, "rho": 0.506, "epsilon2": 0.18, "epsilon3": 0.95, "fixed-points": [[0.0, 0.0], [0.0, 0.00014237759020709336], [6.178859836413725e-05, 0.0], [0.0, 0.0001397618446032416], [0.0, 5.726034402080338e-05], [0.0, 0.00022319289212966944], [0.0, 0.00022507993609033238], [0.0, 0.00025161863889710807], [3.702188019823516e-05, 0.0003013768097772888], [0.0006984193370619988, 0.0011610135617206386], [0.02141389279017155, 0.11488696708257394], [0.10409047298218835, 0.5337909628353213], [0.10024658133387868, 0.513192724026215], [0.007828998154771212, 0.035747593645334405], [0.026982347922258912, 0.1589734561297696], [0.02092971765314614, 0.11697034994628212], [0.04579831183282703, 0.2705741838233429], [0.0004723212821127155, 0.0008605851582778736], [0.09081720784712541, 0.498922841194743], [0.00010201849070826746, 0.00042892459713517417], [0.002407619899564348, 0.00574202831417925], [0.0, 4.276402117240573e-05], [3.455242465339931e-05, 0.0], [4.456289084478288e-06, 0.00022868094665495713], [0.0, 2.4296344276811153e-05], [7.300108880738908e-05, 0.00033191976148797285], [0.0002482718048820728, 0.00023769814216349197], [3.94309223824255e-05, 0.0003797165360393113], [0.00010181970279972362, 0.0005202789922225798], [6.873536751930286e-05, 0.00015455922969230277], [0.0004794978996410496, 0.0006256387011888652], [0.10671280224071018, 0.5296494100234286], [0.04110166286637776, 0.24719286599110063], [0.027236949616767547, 0.16145028054498003], [0.006511807645061207, 0.021354881158473775], [0.012402316097918746, 0.07857941163523566], [0.09297007214486072, 0.4904649671520642], [0.03659992848019982, 0.229811004388811], [0.045838040379575534, 0.25473623578486765], [0.08225238419694654, 0.47982789530921516], [0.02241639459465681, 0.13163109080896204], [0.016625309011555393, 0.0911426339624526], [0.00015826152689650747, 0.0], [5.641469662224481e-05, 0.0], [8.051773653544838e-05, 0.000240423933969348], [0.0003554353924059811, 0.00018693361186168284], [8.529343795871065e-05, 7.440420758870674e-06], [0.00022531753764063245, 0.00017227690139418595], [0.0001544178404297917, 0.0], [4.9046891168662944e-05, 0.0], [9.286108898373175e-05, 0.0001269021845302889], [0.00015381468458556687, 0.0013883479071272965], [0.10208295099848126, 0.5214755782440846], [0.018769526396395616, 0.10366411840496617], [0.10944928820677448, 0.5379460344626668], [0.01901889252714507, 0.11348207579643173], [0.042253072209592055, 0.2552783475471104], [0.08907977186576424, 0.5156158386897188], [0.029001206294445962, 0.15492652406781862], [0.1051329081881679, 0.5164431263680369], [0.10506134425803675, 0.5233529953467208], [0.6399865505366867, 0.6101040181679535], [0.007911177516223802, 0.03694995550854916], [0.0, 5.730486727582792e-05], [1.1324498887227774e-05, 0.00023602582366641595], [4.5768883053828444e-05, 0.0], [0.00013571347314916233, 0.00028423993427961725], [0.0001842844818823421, 0.00020691151435520556], [0.0002539701457572039, 9.090156957133831e-05], [0.00021598828029172155, 0.000278583309706159], [5.3176731211116904e-05, 0.00013876820597118588], [2.290067880973603e-05, 0.00019231376910524832], [0.028229550083696178, 0.16843984089266492], [0.10137055178096144, 0.5267556535463295], [0.08865023231690171, 0.48557768682162594], [0.10693749408595477, 0.5023051081675243], [0.0016151132605895819, 0.002470229047118063], [0.6361719482449081, 0.6108070765703276], [0.10491307134681223, 0.5319844254655248], [0.04234153011493716, 0.24238375487235533], [0.0009212221772928112, 0.0023944133518194323], [0.6367653732131361, 0.6091927884290036], [0.6364647523753162, 0.6162640276443156], [0.6347464664829322, 0.6108282814260049], [0.0, 4.052034951581302e-05], [0.0, 0.0003003019938148614], [3.918421106625239e-05, 0.0], [2.713369469900174e-05, 0.0], [0.00014045059204014222, 3.542108232952187e-05], [0.0002937034049051052, 0.0], [5.575543086295734e-05, 0.00013650065762559475], [4.210372752752923e-05, 0.0005046689561079926], [0.016713047230034705, 0.08126699140184017], [0.041395827045366075, 0.24067240801514245], [0.025672365474880898, 0.14265311742368056], [0.001883266025435376, 0.004028613318835587], [0.6384570345051125, 0.6216678655422517], [0.634265568983181, 0.6154045997744857], [0.6359808871782979, 0.6082116125455028], [0.637917595250622, 0.6120172168174122], [0.6351214891421622, 0.6113990615398956], [0.6394995475589516, 0.6145680685239262], [0.635547294885979, 0.6156566591284149], [0.6318803464927989, 0.6093349583643248], [0.6405949422922146, 0.6153439406160557], [0.00035778084679179855, 3.719377992640627e-06], [0.0, 6.659110354451887e-05], [0.00028351981182358566, 6.749343763449109e-05], [0.00020933803263990358, 0.00014832932973857954], [0.0, 0.00022276928631436083], [0.0, 5.1734857167133696e-05], [0.0, 0.0002994794506106363], [0.00018930242930023249, 4.978595729492367e-05], [0.0023665728060899486, 0.007774435248664708], [0.643736263756223, 0.609659123111483], [0.6370948877779747, 0.6072365508419915], [0.6333988378186887, 0.6040835586342087], [0.6301594954363351, 0.6123294798795321], [0.640100798993024, 0.6144394089879894], [0.6368350598402677, 0.6151270238056769], [0.6389430676124723, 0.6158674942993971], [0.6356224440222557, 0.6225069655991967], [0.6383699134824888, 0.6113041183273316], [0.6397919076201848, 0.6156675030764591], [0.6371868369157594, 0.6070794378492673], [0.6383191351559554, 0.6171027460726627], [0.00016563046133711475, 0.0], [0.000172882810342428, 9.345089590814927e-05], [0.0001737841133228229, 8.092783019551373e-05], [0.00018853507546267076, 0.00012332634156062447], [5.383546161852943e-05, 0.0], [5.2422296935786154e-05, 0.0], [0.00032486159359207905, 0.0001654403042770252], [0.6401104615539847, 0.6136484532652996], [0.6367323496814595, 0.6126615127735003], [0.6353015017281312, 0.6050122823364239], [0.6363561861773689, 0.6055749806793015], [0.6359710484077848, 0.6119864140997913], [0.640908338209118, 0.6157562825370608], [0.6323775299755963, 0.611270639893599], [0.6411605363381889, 0.5993317786683277], [0.6392793724441004, 0.6158233503739691], [0.6346423670767026, 0.6099521830199727], [0.6401457964433065, 0.6134228143544163], [0.6392895394582061, 0.6063331330098481], [0.6375630089726367, 0.6122688110924965], [0.634872197885514, 0.6087041540643862], [0.0, 0.00018883945852379283], [0.00038835821531688823, 0.0003045279372032072], [0.0, 0.0003653901956739103], [0.00011801066210791354, 0.00019241107726873552], [7.605362394449806e-05, 2.1190541651080415e-05], [0.6354679518722951, 0.6056684023068079], [0.6410404946009887, 0.6095872718699811], [0.638981514680912, 0.6109281246364046], [0.6380473617645626, 0.6046237374703716], [0.6349797417293154, 0.6105745213186888], [0.6323139094404463, 0.6134139318440823], [0.6350123243754645, 0.6124964824998249], [0.639100959049781, 0.6140246862256878], [0.6341306728248653, 0.6118375108305104], [0.6351199203125611, 0.6087740178351911], [0.6418790154226324, 0.6227971979877528], [0.6360758912319143, 0.6146998737213983], [0.6354006619946937, 0.6126498484224777], [0.6377531670623418, 0.6134433534184999], [0.6327548276142102, 0.6050658501504615], [0.6387331831550587, 0.6158458808933344], [0.6359194375708418, 0.6084950942053922], [0.6366349043952567, 0.6121843173455871], [0.6326485666882097, 0.6052878818122543], [0.6376548694292381, 0.6133717674503497], [0.6415912182757286, 0.6163977384811645], [0.6385464729848399, 0.60678389097438], [0.6383582390275628, 0.6150827817147925], [0.6378418466070821, 0.6143673602620229], [0.6390755404580798, 0.612180803322489], [0.6387951967827182, 0.6155545010089067], [0.6412669948801688, 0.61558739050369], [0.6410130779375842, 0.6132939922336774], [0.6359349355524991, 0.6058097642434656], [0.639216009158498, 0.6109434703861082], [0.6347985375323189, 0.6090350017167497], [0.6361971648460608, 0.6127793453031903], [0.641148141230685, 0.6169759774324108], [0.6363542853783273, 0.603676360981172], [0.6395206323753605, 0.6128381900202953], [0.6390450378444134, 0.6135740034392917], [0.6370521929628232, 0.6149836790347701], 