{"gamma": 1, "beta2": 0.2, "beta3": 4, "rho": 0.515, "epsilon2": 0.5, "epsilon3": 0.95, "fixed-points": [[0.0, 0.0], [0.0, 5.735215533767163e-05], [4.012537243526709e-05, 0.0], [0.00019157520087360622, 3.1815513892231536e-05], [1.2115557831918192e-05, 0.00010952911562547771], [4.636332558001514e-05, 0.00015625467192463438], [4.749821495330906e-05, 0.00015688066957948097], [0.0, 0.000356073555815892], [0.00017985321963182618, 0.0004459429522203793], [0.0, 0.0002268445400832523], [4.167747055375413e-05, 0.0012460157395981736], [0.0, 0.0005791954354776513], [1.190918928090571e-05, 0.0004281242317943791], [0.00023517524403918934, 0.0018969744390717523], [0.000368451168892022, 0.00038077293557789855], [8.23528648886956e-05, 0.00015074771767812826], [5.997773551035449e-05, 0.00044188065416183794], [0.0001007856185484771, 0.0009048685007563054], [0.001292700879144527, 0.0021354549750503926], [0.00014126222908495624, 0.00012970208526192235], [8.857325814939092e-05, 0.00012183518859617319], [0.00023947682374133507, 0.0], [0.00016283378098759554, 0.0], [0.0, 4.862740037275074e-05], [0.0, 0.0003302458897360734], [0.0, 4.473228892483684e-05], [0.0, 0.0002496219722969244], [0.00022809774334068316, 0.00022474803297664524], [0.00012710401923930262, 0.00010042713243281696], [0.00013324478307476294, 5.76516842222606e-05], [3.6637285183049676e-05, 0.0005537961813167088], [0.00036889994180704913, 0.0008515755804814931], [0.00015964886645500513, 4.2102318214339107e-05], [0.0009622560019498872, 0.0030658820524481975], [0.0010801946595705044, 0.0014419989328433845], [6.500149076151011e-05, 0.0006240128055686095], [0.0005689795265507698, 0.0013110377165583458], [0.0004803550729888332, 0.0005466854610105629], [0.00015914737209534163, 0.0006432618874924074], [0.00022000468314596194, 0.0008984562184923962], [0.00011272692851401961, 0.00022778178198788068], [0.0010370939063875006, 0.0008435469349356025], [5.375616994425406e-05, 0.0], [0.00017528703206607385, 1.906483604060142e-05], [0.0001492028359929615, 0.00013546348384446387], [2.8936675408465036e-05, 0.0], [0.0, 2.8922540595353535e-05], [0.0, 9.884561430958227e-05], [0.0004423552200348844, 0.0004136299866069195], [0.0, 0.0002165927102228481], [6.194243758779126e-05, 0.0], [0.0002541749700001455, 0.0006323862210412944], [7.878936881023095e-05, 0.0003422760991271751], [0.00015828595712763583, 0.000609621789752245], [0.0, 5.291699403708097e-05], [0.0005021127072143418, 0.002058719590308881], [6.763612751423294e-05, 0.0006486759571396056], [0.0, 0.0006184697456436575], [0.00027939377545616614, 0.0012318526757771802], [0.0001786027956229421, 0.0012851201694755628], [0.00016364588871855824, 9.434375679215797e-05], [2.629799339045588e-06, 0.00011919438352587706], [0.00013763641967304304, 0.0003727816935322399], [0.00017780841478408498, 0.0], [0.0003196446122165047, 2.842504231141203e-05], [0.00015401709874008257, 0.0], [0.0, 0.0002053330669563751], [3.972893437271389e-05, 0.0], [4.339570226821392e-05, 0.0], [0.0, 0.00045145205256380067], [0.0, 0.0002740437118680124], [2.4355639375633255e-05, 5.90019947334211e-05], [0.000492103471061722, 0.0011352042013893912], [0.0006128467007891379, 0.0013115364893728446], [0.00045676187158760816, 0.0003764364711925709], [8.152909109003178e-05, 0.0006874131636473276], [0.000416636904912514, 0.00032226946652557726], [0.0, 0.00018098226362273353], [0.0004147057921205246, 0.00032380294516381835], [0.00015973761237227707, 0.000599770044737557], [0.00030850575059669785, 0.0006750903379601372], [5.455520908480933e-05, 0.00028758698255913295], [0.0002559793145857163, 0.0007429513656766252], [0.0008188459372462139, 0.0011067164662062975], [0.0, 4.019041619594844e-05], [0.0, 5.355016247978368e-05], [8.853739719846526e-05, 0.00016328276023294992], [0.0, 0.0004655809498722888], [5.847697616752664e-05, 0.0], [4.4344347961126934e-05, 0.00019954362857375953], [5.4560963960087756e-05, 0.0], [0.00014085173463260217, 1.6789364306290123e-05], [8.098959510376095e-05, 0.0009042059595700476], [0.00023394126054371138, 0.0], [8.172831856552573e-05, 0.00039872378560587346], [4.421178308329478e-05, 0.00010522417242027807], [0.00014334597332742622, 9.512862125350035e-05], [0.0005363191975642534, 0.0012447793138445113], [0.0002634400906060351, 0.0014938910425087717], [0.00015717668409425046, 0.00017746857718902044], [0.00020611192109439485, 0.0007234951315295209], [0.6629040949491016, 0.5855978808650529], [0.6575271322648605, 0.5843044876623685], [0.659762541223456, 0.5812495413063331], [0.6601157478442046, 0.5742231356208715], [0.00045389002933096065, 0.0001443414349569337], [0.00025783176770479484, 0.0], [0.0002790516348546625, 0.0], [0.00011443888191983308, 0.0], [0.0, 0.0001742175590568733], [4.731528226732702e-05, 0.00016252280630441762], [0.0, 4.1105094707643346e-05], [0.00028460582185140844, 0.00011181418144515909], [0.0, 0.0008973949494732018], [8.583562418573325e-05, 7.911186715808917e-05], [0.6541819428364635, 0.5804796472267355], [0.6557394206936189, 0.5877617961258221], [0.6565902835550411, 0.5863631873967313], [0.6620956729161867, 0.5791979918957221], [0.6534622728425904, 0.5807851162689018], [0.6604597409038656, 0.5801760152580586], [0.6575736329586515, 0.5802909498556101], [0.6611617292160127, 0.5781097741516387], [0.6601258929767774, 0.586663299279975], [0.6593387082877423, 0.5802355642564648], [0.6566362252619373, 0.5814311361408525], [6.355419236125555e-05, 3.5224059915865984e-05], [0.000614154954472751, 0.00041787188100522114], [0.00033225786579222126, 0.0], [0.000432868096770965, 0.0], [0.00011974734664658328, 5.106258285388099e-05], [2.424366586470794e-05, 0.0], [0.6299194203796553, 0.09372988125535966], [0.6381081238562504, 0.09817879116997286], [0.6623315516642395, 0.5860225145092685], [0.6637104494391765, 0.5877412029668027], [0.6587789245066189, 0.5802970883603851], [0.6612006325332521, 0.5857832062662156], [0.6580537901351197, 0.5751039390623816], [0.6577811964859932, 0.5864238362034121], [0.6588153331242956, 0.5809985842058365], [0.657120242148029, 0.5884141613302516], [0.6625388315345038, 0.584010302000085], [0.656230808510336, 0.5873956325141169], [0.6553142582489202, 0.5829659588552338], [0.657628343548121, 0.5687388469957412], [0.6611621337972213, 0.5801412051005715], [0.6332724402279736, 0.09923106599591373], [0.6272911062231575, 0.0947072404054216], [0.6287210122436997, 0.09451713881946383], [0.6309074036509272, 0.09111806504685524], [0.6275593971045746, 0.1000485510645955], [0.6371215660150568, 0.10211621411340871], [0.6331708062682995, 0.10022278163458563], [0.6628811656569608, 0.5766033311844282], [0.6578501858384995, 0.5876216672727343], [0.6594955399949394, 0.5825271798451196], [0.6554679937026147, 0.5861784084677846], [0.6567223406748963, 0.5811326567916042], [0.6573151602721321, 0.5778680620471626], [0.6606477023706948, 0.5769744769604469], [0.6616742617047237, 0.577004735812862], [0.6546701301485724, 0.5756911848929771], [0.6597933605989459, 0.5918400191032342], [0.6592172787968729, 0.5833217218544842], [0.6580518007531603, 0.5809603786206478], [0.657357006540838, 0.5814670384225972], [0.6589966897608169, 0.5816602171584261], [0.6286454843874784, 0.09620831697505877], [0.6323386359361417, 0.09964796250831316], [0.635919419855237, 0.1065266139105489], [0.6334968871755277, 0.09649064236249921], [0.6324225456246356, 0.09448061173698669], [0.6377455740354782, 0.09795479752158255], [0.6557713713606494, 0.5794227739302574], [0.6556937236824184, 0.5769099695861208], [0.6595710826632176, 0.5930014421983699], [0.6636816201310349, 0.5880454997396226], [0.6615442477823729, 0.5781553555506399], [0.6584817508131352, 0.5913519784508365], [0.6561335727036272, 0.5889088377179569], [0.6553982369677063, 0.5892259868192768], [0.6629043928813385, 0.5879803691327515], [0.6609482899871951, 0.5820434142534003], [0.6567520339235544, 0.5790223143977297], [0.658720260925375, 0.5850595615058072], [0.6596199179622273, 0.5835726865890133], [0.6521074881993044, 0.580811241815237], [0.6613342689821705, 