{"gamma": 1, "beta2": 0.2, "beta3": 4, "rho": 0.515, "epsilon2": 0.18, "epsilon3": 0.95, "fixed-points": [[0.0, 0.0], [0.0, 2.7859700040406135e-05], [0.00010800954701498966, 5.130185225032704e-05], [2.7891386486336205e-05, 6.868341798171573e-05], [0.0002192491989399976, 4.5928138877482944e-05], [0.0002630781487606204, 0.0002689065309206729], [0.00011219830461351791, 0.00011267498505597857], [0.0002072557954862919, 0.00022199413273050298], [0.00010647082327353386, 0.0], [0.0001714265095230297, 0.0002948688313772959], [0.00013380742016452148, 0.0001805733861488841], [0.0, 5.955167828940803e-05], [0.000286481479882544, 0.0003538752601165765], [0.00010057095888475587, 0.0003182951345423223], [0.0002392177084774869, 0.0011253005647730331], [0.00023903958332243354, 0.00029429948624380594], [0.00018039859041613684, 0.001236522663366817], [0.00019141040830186892, 0.0005942944421892557], [0.00013837456272986797, 0.0003101331154518474], [0.0, 0.00018344686615710001], [0.00022385188273243582, 0.0], [6.12816246418216e-05, 0.0], [5.569257730742837e-05, 0.0], [0.0, 3.503166094963171e-05], [0.0, 0.0003487901301315265], [4.4787642774754866e-05, 0.00023422834609638355], [0.00018322741636483258, 0.00011186190914975248], [0.00012181024875498162, 0.00034628352874956173], [0.0, 8.04961809137078e-05], [0.00039566786102491, 0.00013878728377660662], [0.00019842082281568886, 0.00022693408407393359], [0.0, 0.0002699301574181997], [0.00017293885397144185, 0.00014955230273312032], [0.0004370272241531872, 0.00031156275269581094], [0.0001928300341202105, 0.0001223252247946093], [0.00035206534505392774, 3.1752777620602415e-05], [0.0001278791739432763, 0.0001327277429049623], [8.654326947376188e-05, 0.00048077429399585246], [0.00023865137978358914, 7.239728810028586e-05], [6.477897434976065e-05, 0.0003082316003356761], [0.000445188576158109, 0.000200979358977265], [0.00047391638537489775, 0.00035527100052590787], [7.007229249521794e-05, 0.0], [0.00019829743612029803, 8.433775523552e-05], [0.0, 2.3246617771869373e-05], [0.0, 5.43163690161325e-05], [0.00013923820054381232, 0.0004192606652778825], [0.0, 4.935289991111839e-05], [0.00015040956311826548, 8.178628168547115e-05], [4.826476565759272e-05, 0.0], [0.00013332615281467255, 0.00013256217533857498], [0.00020679298265676552, 7.084123123499209e-05], [0.00030495768413143625, 0.0003984460151388314], [6.0325688660973187e-05, 0.0], [0.00031306918433962605, 0.0010312733340352845], [0.0001888591546574145, 0.0002664261244129392], [0.0002980414160119067, 0.0015825056565289574], [0.0005168195940637763, 0.0010096646227951015], [0.0003807689976968325, 0.0007031010450022208], [0.0003864642267219008, 0.0014783618957532117], [0.00020125961774284718, 0.0003810432667270682], [0.00011839720484196573, 0.0001265418991218775], [7.03643029547631e-05, 0.00048701608504226533], [0.00011058032242866955, 5.445685422955546e-05], [0.00016763644333021995, 0.0], [0.00070971900220737, 0.00034442410535951096], [0.0001477740524899105, 0.0], [0.00039212452609828005, 0.00011835286783269688], [5.414900828883275e-05, 0.00028147702178111], [0.00012059478605424, 0.00012017658444285842], [0.00015943939077683994, 0.0006143761095064484], [0.0, 8.782628233296932e-05], [0.0001944788495840866, 0.00013330813314973433], [0.0, 6.734693537343284e-05], [3.933972041400098e-05, 0.00010774764647764435], [0.0, 7.899796506442832e-05], [0.00019092950833849738, 0.0003309550320679159], [0.00025650774285384295, 0.0004720814141690275], [0.0006150850173354337, 0.0005268026490921197], [3.1917143619748675e-05, 0.0001706538429138467], [0.00021063489911952513, 0.00023725600844054024], [0.000482944123855296, 0.0005140939739758762], [0.00022222232639517307, 0.0002903791427186933], [0.0009196705404887419, 0.0017660850669244386], [0.00035508960622499815, 0.00018230644610335434], [0.0, 5.173707869822272e-05], [0.0, 0.0001134966553794436], [4.427043616487394e-05, 0.0], [6.072750471961883e-05, 0.0], [0.00014588426856983647, 0.0], [0.00022977403300291735, 0.00017123020359152046], [0.00026631912430639227, 8.721876375540338e-05], [6.212017087202418e-05, 0.0], [0.0, 4.568034066246676e-05], [0.0004578741053462161, 2.965021420452753e-05], [3.683922606764563e-05, 0.0007589402040097627], [0.00038230062034780906, 0.0006456021584654375], [0.00016626508884510707, 0.00036092675833431615], [0.6568607906562458, 0.5766368168102646], [0.6570888020078276, 0.5751802635908594], [0.6543854171868378, 0.583134286582644], [0.6597252280551783, 0.582920900950543], [0.6572469844707598, 0.5790706972937478], [0.6630661918839923, 0.5782068337162247], [0.6504207938668172, 0.572399526766072], [7.317486746326631e-05, 0.0], [1.661367885699663e-05, 0.00045366108728551324], [0.00016847838761465054, 0.0], [0.0, 5.013495103807149e-05], [0.00036910576865843193, 3.120667661250029e-05], [0.0, 5.665393041585811e-05], [0.0003502554518016162, 7.448590239835074e-05], [9.790889188319382e-05, 0.00023676747655145913], [0.0, 0.00016427388499919466], [0.6598887715505047, 0.566986005760003], [0.6555642102201962, 0.5792788238147318], [0.6574496199646481, 0.5745009957976248], [0.6590576071216055, 0.5736214803152186], [0.657191898811608, 0.5822293276166389], [0.6527777904274527, 0.5833346708588546], [0.6568024313693762, 0.5849976470592299], [0.6559000866394955, 0.5739064822810342], [0.652702394805808, 0.5732012621313662], [0.6578094912742666, 0.5826640064532621], [0.6577710524473981, 0.5796988143325121], [0.6587053835436031, 0.5819836574006686], [6.617665246103617e-05, 4.20334374159932e-05], [6.381542957351028e-05, 0.0], [8.667032366465567e-05, 0.0], [0.00038461138361856577, 8.124107914796542e-05], [5.22848769111331e-05, 0.0], [0.654204837497561, 0.568230405230228], [0.6523575652890128, 0.57038030640484], [0.00016616292492135218, 0.00013277207574253003], [0.6558081754845003, 0.5733206001220594], [0.6543488538653106, 0.5772482624785229], [0.6586177069792943, 0.5823344983298084], [0.6577858600277365, 0.578075172116199], [0.6581564771349443, 0.5848041625277987], [0.6557789473464746, 0.576601806368468], [0.6558163878786258, 0.5782682109234448], [0.6522258754120148, 0.5712179951760687], [0.6561279593496406, 0.57333861048042], [0.6505916346487735, 0.5768984169583167], [0.6624911441334955, 0.5828930190483362], [0.6566816132238478, 0.5737273671200047], [0.6514014316576813, 0.5732650945062286], [0.6566545837918546, 0.5742104028312679], [0.6568565029643759, 0.5726603624505038], [0.6591097169893935, 0.5711623788849052], [0.6539820129840215, 0.5764429840687728], [0.655019490181336, 0.5769884388769915], [0.6535299108240972, 0.5717616213387284], [0.6579965275112648, 0.5788412564044375], [0.6528550816147376, 0.5857223511527916], [0.6591264029456764, 0.5778642603986824], [0.6551024634230438, 0.5759496052495335], [0.6528036616827965, 0.5781458195090478], [0.6478453377792877, 0.5672322173166541], [0.6612435752676212, 0.5837386256498664], [0.655547920773185, 0.5797507738838227], [0.6526614647010972, 0.5749276484626467], [0.6601373045190457, 0.5856696776996393], [0.6546061257970266, 0.5748925534531493], [0.6579701711880983, 0.5771105812199425], [0.6610476662310214, 0.5834641423638641], [0.6569265358397811, 0.5765646078698091], [0.6566322462979995, 0.5735877545789886], [0.6569379025741645, 0.5780987850968189], [0.6577006462721563, 0.5749536198611057], [0.6596620958350436, 0.58487662129798], [0.6524749038258187, 0.5828544025398851], [0.6537346944850829, 0.5729032736776395], [0.6523560798721666, 0.5840226414960615], [0.6536385749162369, 0.5831970358256691], [0.6549118531599268, 0.5800845715631163], [0.6593500790125322, 0.5819540232146556], [0.6571914620308258, 0.5789879686520325], [0.6605113817023699, 0.5778566316196603], [0.6578153685090311, 0.5751072587395899], [0.6539961240232651, 0.5742170286066955], [0.659660639406894, 0.5708166908027636], [0.6517058600298801, 0.5742607245356629], [0.6532173963095623, 0.5832577850159706], [0.6563061110742004, 0.5801661688714173], [0.6527517554984666, 0.5821068006096182], [0.6578000954511851, 0.5765645674755717], [0.6581630824322706, 