{"epsilon2": [0.0, 1.25, 2.5, 3.75, 5.0, 6.25, 7.5, 8.75, 10.0, 11.25, 12.5, 13.75, 15.0, 16.25, 17.5, 18.75, 20.0], "epsilon3": [16.0, 16.25, 16.5, 16.75, 17.0, 17.25, 17.5, 17.75, 18.0, 18.25, 18.5, 18.75, 19.0, 19.25, 19.5, 19.75, 20.0], "psi": [[0.008954070521307629, 0.02518411694803398, 0.012076342301545497, 0.009526412099255538, 0.014344059825278381, 0.4873009374955966, 0.4933900605751116, 0.540378266248606, 0.5551774032257046, 0.5734692949613547, 0.5936783385950697, 0.6606979306856505, 0.6945191308476114, 0.7433374793369022, 0.8025347669471826, 0.8580322211532428, 0.8798702849509183], [0.017622221117539038, 0.009297464452732879, 0.008566035308136348, 0.009730229689528492, 0.011030996559206327, 0.49725925547980737, 0.5090571877177371, 0.5331943171061649, 0.5480664667816132, 0.5793286515488641, 0.5742501721024591, 0.6707899736696543, 0.6885498303880117, 0.7377897193300784, 0.7846402414196569, 0.8568112782570123, 0.8827874353369374], [0.012474149655721337, 0.007860419626948405, 0.01688494023760603, 0.013467327474101193, 0.47056831245907227, 0.4839555590749591, 0.509982903875393, 0.5360765553144379, 0.5536675223494447, 0.5639414456558318, 0.5876635701966343, 0.6644042361928314, 0.6968058984186996, 0.7435001435118864, 0.7870674440581537, 0.8533359579373079, 0.8837025354499886], [0.014281560792649067, 0.018177607765767306, 0.011227723968486593, 0.02018824735847042, 0.45899259994547925, 0.4579485101263405, 0.5196917369715335, 0.5335034016626252, 0.5610700012125662, 0.562412867668007, 0.5955630999884663, 0.6674962114535987, 0.6908744737031033, 0.7441906522199491, 0.7980859113436123, 0.8585493562273531, 0.8807761138878464], [0.01855388274189144, 0.010431402732587094, 0.010532607561721788, 0.013387216229982596, 0.02406682143426779, 0.4875489404414831, 0.5264774402897716, 0.5371433056104122, 0.5613011402742384, 0.5723590557620825, 0.5909650381158039, 0.6623985518060345, 0.6939514659929077, 0.7501009016904423, 0.8001178816912455, 0.8496818077025023, 0.8811792828362708], [0.00943255403542884, 0.0135757802474681, 0.011701319571779131, 0.013322439739748875, 0.009580858603786598, 0.47518014504828915, 0.5129408356423132, 0.541150562222751, 0.5512862522691873, 0.575942688490112, 0.5972589073502453, 0.6499435622885211, 0.692854569716345, 0.7424470345630562, 0.8026081266256624, 0.8599557907434837, 0.8787561251749638], [0.008480258232996312, 0.013151789338345097, 0.02534316828201621, 0.011471290506015988, 0.44269166689463374, 0.4923708470049782, 0.5196214843291812, 0.5423537614172059, 0.5523242758364855, 0.5727307695159578, 0.5857157380509737, 0.6498444023707458, 0.6880864349473156, 0.745290454922078, 0.7915046484782565, 0.8563739162568592, 0.8822133300577908], [0.013055536278762376, 0.012948772064400723, 0.0134034556277265, 0.019238885562732025, 0.01245562732499932, 0.477846596132219, 0.5198332312293146, 0.50656454197088, 0.5498186971031338, 0.5651823986319513, 0.5937787323375868, 0.6571159725788152, 0.6945258449146031, 0.7450447764808067, 0.8081031844175105, 0.8609261522149425, 0.8808374432481851], [0.024405729274642213, 0.01010350060288881, 0.011317952457422875, 0.009939626218589067, 0.01658417652032203, 0.49421051320991, 0.5136122882029411, 0.541240900617929, 0.554835968218206, 0.5619708864637236, 0.5786451212325129, 0.6767834872048015, 0.6887603676283939, 0.7397903005185209, 0.7973766189135547, 0.8502952303988238, 0.8813138080530964], [0.01355704158094727, 0.012914694094323914, 0.010194379082094107, 0.013263985691492562, 0.4792495900372305, 0.511016401245494, 0.5105835142587029, 0.5429807638241998, 0.5559087293888695, 0.5839753034980073, 0.5907743477814704, 0.6577485095469752, 0.6956963259738901, 0.7453205414244859, 0.7981680025163312, 0.8542570189684907, 0.8827876810329615], [0.016770372216437048, 0.011218073186697172, 0.01709103121689112, 0.018164638547914856, 0.01675712733806647, 0.008830135496410159, 0.5129016333660056, 0.5414695570014529, 0.545240006839857, 0.5689518219199047, 0.5964670758769081, 0.6648651023601952, 0.7002863925096238, 0.7537907240802169, 0.794752546154142, 0.8560268646553756, 0.881681216571246], [0.014661787105708061, 0.013917501006208668, 0.014245399270152033, 0.013077708229405705, 0.45775466711514895, 0.48632229915109115, 0.519919426720768, 0.52830818306712, 0.5496781376050521, 0.5720609094878994, 0.5868650852889038, 0.6648303270581352, 0.6864942343898711, 0.7467924623691257, 0.8004424247114841, 0.8521837766957604, 0.8813460484619672], [0.02115381334993534, 0.018371852056618534, 0.009965036675350036, 0.012703776865040602, 0.47104221500471116, 0.503206037303307, 0.5088237446702616, 0.53550975263939, 0.5547797391520306, 0.5799983763324267, 0.589417299338109, 0.6695623166329989, 0.6948726696642842, 0.7399971014551029, 0.7994011828058417, 0.8520873936283558, 0.8803011955277804], [0.006937079297395444, 0.016688416472017402, 0.016878940736922365, 0.013102589912661828, 0.4796747646174495, 0.4932418335169294, 0.5164414093924561, 0.5360172198464811, 0.5464063183651795, 0.5691397591957624, 0.5895900827709947, 0.6571985695433246, 0.6858170924313229, 0.7513505275542688, 0.7893478600020449, 0.8545886900049237, 0.8788404652739644], [0.010977192456127936, 0.013586415761180312, 0.013689703548600394, 0.01925628358409724, 0.011362770102108968, 0.490479040407823, 0.5180958247479345, 0.5332429090562791, 0.5486957436493474, 0.5709508509063477, 0.585427907171798, 0.6642657506372033, 0.6914654525253405, 0.7410048441805357, 0.8022632384033349, 0.8595024473721206, 0.8817760565036993], [0.016570512091975347, 0.013434624682115415, 0.010274706310674868, 0.01460359431775928, 0.4492443854868289, 0.5043829777599376, 0.505025306293929, 0.5387131134517203, 0.5532054557610964, 0.5704771357789101, 0.5911753761640445, 0.6560857145380398, 0.696365480820746, 0.7457291755280363, 0.794273760775065, 0.8572337256604329, 0.8818110290401526], [0.01038671401580285, 0.015429233138872716, 0.017560522121491784, 0.012028023194196685, 0.4752617277856369, 0.49776939645370066, 0.5197375379525482, 0.5422937906634583, 0.5507185758278489, 0.5840515045169182, 0.6029345164653492, 0.6647813511648557, 0.6854751811186627, 0.7498497153200738, 0.8013454197222188, 0.858202850766874, 0.895926676828606]]}