{"gamma": 1, "beta2": 0.2, "beta3": 4, "rho": 0.506, "epsilon2": 0.5, "epsilon3": 0.95, "fixed-points": [[0.0, 0.0], [0.0, 0.00015212441356641723], [9.45102005972932e-05, 0.0], [2.045571770247622e-05, 0.00012454830399800642], [0.0, 3.962384806346801e-05], [0.0, 0.0001239285210154763], [5.543605376995391e-05, 0.0], [3.364892332757607e-05, 0.0006425426867074673], [0.0, 0.00022883633555609938], [0.06531046944817856, 0.5456621367781171], [0.06513081676750526, 0.5344874352294681], [0.06860167674059132, 0.5499837559961799], [0.0633770859802512, 0.5371781997010673], [0.06960353422830075, 0.5512854697166217], [0.06378017394961558, 0.5333543107817379], [0.06215002557180709, 0.534079111439875], [0.06899073331213133, 0.5517120034026077], [0.06152517997860856, 0.5307201410865928], [0.06341714334675538, 0.5422536006912481], [0.07115779452721596, 0.5498658165223035], [0.06314055024781282, 0.5307186121570795], [0.00014938752782230402, 0.0], [0.0, 0.00010354958897624712], [0.0, 1.885158995674566e-05], [0.0, 6.743458665333141e-05], [0.0, 5.733684758554994e-05], [0.0, 3.5342485297363156e-05], [0.00013531999541150014, 0.0], [0.00019982293641256985, 0.0006984026908905971], [0.0004979589943120825, 7.296048295003776e-05], [0.06983725416848335, 0.5559110204567596], [0.0647066420703197, 0.5458968124974496], [0.07083184058764322, 0.5451839362184889], [0.06746505317138675, 0.5484533446620306], [0.06605615627955733, 0.5395066470572183], [0.07230408243963839, 0.5536084428987669], [0.06151651631911742, 0.5379661184465767], [0.06664984270417401, 0.5480936934124563], [0.06758632351284513, 0.5412656157899416], [0.06526168619211108, 0.542429623377328], [0.06765219219383647, 0.5379320794443525], [0.07269569895870218, 0.5478041042191559], [2.3351497738879894e-05, 0.0], [0.00016873493249294368, 0.0], [4.046474094917641e-05, 0.0], [0.0, 4.2061773136680825e-05], [0.0, 0.00016426863211976622], [0.0, 5.193904891478699e-05], [4.910141833757372e-05, 0.00024818357041387376], [0.00014437913470763126, 6.344721453114651e-05], [0.0, 0.0002713491787959463], [0.07677091921616397, 0.5582085604342919], [0.06718564864029103, 0.5416623156173181], [0.06886634024630148, 0.5423791697809767], [0.06792623439500306, 0.5412256938885776], [0.06948925051500074, 0.5529072250164909], [0.06881962776982353, 0.5526370748709044], [0.0662094499963193, 0.5347648545613715], [0.06721374414983206, 0.5334561840083972], [0.0695847258245985, 0.5474839036527542], [0.06129942535989556, 0.5373056092925983], [0.060887805595779144, 0.5315012163441624], [0.06588438893287266, 0.5373013425651492], [0.00035971350350893, 0.0002819060843706905], [0.00019260632643506862, 5.02855714871832e-05], [8.306804939982027e-05, 1.9506016350244447e-05], [0.0001420639492143871, 8.841996295342095e-05], [3.218909352283686e-05, 0.0], [0.0, 0.0005501078611099048], [6.962943614047764e-05, 0.0], [0.0003831542233664841, 0.0009933534122714873], [0.06478526489176671, 0.5324338400586431], [0.07015297171124199, 0.552950689945634], [0.0667946152342478, 0.5365696466807087], [0.06525040648412522, 0.5346921608479661], [0.06516416540026848, 0.5504228626783236], [0.06578356734415554, 0.5355397776925374], [0.07028016945234669, 0.5547790610946883], [0.06651516408958756, 0.5526539090099232], [0.07374106119930302, 0.5563318901186247], [0.07098361019576285, 0.5553267387307343], [0.06757282137673244, 0.546367989546231], [0.06877274760156024, 0.5388772246886478], [0.06388545812740512, 0.5404833786541082], [0.0002592445481046581, 0.00017885415810181275], [0.0002575188672309312, 0.0], [0.0, 4.7189936799045975e-05], [0.0, 4.976687124316445e-05], [0.0, 4.3501498371513467e-05], [0.00020325802525833419, 1.2316116981790218e-05], [0.0, 0.00014987296702961681], [0.00012636283902038933, 4.527769043891518e-05], [0.06439521254142086, 0.5421968025007192], [0.06368772919475287, 0.5355584122708213], [0.07174014830189249, 0.5535365724997741], [0.07043254594887971, 0.5557312240865095], [0.07276209433737028, 0.5518851761531502], [0.06754431725581642, 0.5511993854335508], [0.06026722845207952, 0.5290179070593298], [0.07163172883558326, 0.5581687253512467], [0.0672769314273763, 0.5463318007496817], [0.06853599262334299, 0.5411216470706316], [0.06858444395411924, 0.545931757307071], [0.6396639123054136, 0.6132854921648226], [0.07043616871526415, 0.5630079197579938], [5.922580742762128e-05, 0.0], [0.0, 4.998771064926602e-05], [3.340725633222715e-05, 0.0], [2.4942558924132315e-05, 0.0005024984851127461], [2.777215153665104e-05, 0.0], [3.532580574341422e-05, 0.0003994197193282257], [6.039825926726898e-05, 0.0], [0.0, 6.344071882303551e-05], [0.062407104603856185, 0.5404551383599218], [0.0712979687770852, 0.5541471536942874], [0.6399703729159059, 0.6089818471752946], [0.6400761685646611, 0.6080664630051927], [0.633989948208585, 0.6075412469683389], [0.6373940101419187, 0.6119012584362113], [0.6420171700040053, 0.6191393328357219], [0.6345944815883127, 0.6121677729208819], [0.6330777603597673, 0.6076948203495918], [0.6369613880306441, 0.6100756903326553], [0.6389496668785125, 0.6105639217995865], [0.6381662102103036, 0.6032000711560206], [0.6376447171859293, 0.6085178434962267], [5.5955218477333225e-05, 0.0], [0.00016518210536034972, 0.0], [2.988731244233871e-05, 9.714128978173272e-05], [7.322768129267529e-05, 4.0613182892212116e-05], [0.00035114338166912317, 0.00017613935104187023], [8.957434501755205e-05, 0.00012346309754377816], [0.0001088026423665755, 0.00028656425880256803], [0.00024440681107562514, 0.00031452195070281677], [0.6385733898015039, 0.6120359707297369], [0.6393908228777514, 0.6190113718013273], [0.6392916682753701, 0.6121929331725325], [0.6385723878900765, 0.6121834905372844], [0.6367827077838273, 0.6136471263587989], [0.6428943668702478, 0.6072145357334282], [0.6433800985388968, 0.6071122137108889], [0.6389253253099741, 0.6156200514232648], [0.6411553584046081, 0.6060782262103767], [0.6418950664057456, 0.6117715694148922], [0.6406134105679693, 0.6148837510065366], [0.6424913179149155, 0.6117904025574145], [0.63804918315683, 0.6087437057999796], [0.0006416357300949257, 2.171214798646275e-05], [0.00025130801169674703, 0.00014304073548198636], [0.00031503192832189886, 2.3327599760294392e-05], [0.5951527938497515, 0.08905292151645783], [0.6017897104979121, 0.08527834706102581], [0.5988606872745847, 0.08326709618994772], [0.6358564509524117, 0.619493879691976], [0.6362851664656125, 0.6193239218023473], [0.6385828975663579, 0.6115315452656558], [0.6415644287257445, 0.615258311035032], [0.6415907658807215, 0.6116101317594022], [0.6431173112898187, 0.6078956840069064], [0.6351129950539495, 0.6128281637849204], [0.6393872206647603, 0.6115378281377636], [0.6428382804538185, 0.6100313286881758], [0.6378078561098726, 0.6104923453715632], [0.6443509733835193, 0.6126605350627118], [0.6390618768289349, 0.6059811876943358], [0.6333812988943088, 0.6082101923188977], [0.6423397256851238, 0.6102800599074725], [0.6358652121188716, 0.6147729269935953], [0.5953900340675137, 0.08112694456996081], [0.600046774835146, 0.09005880601752679], [0.5979838172582774, 0.08383788686427786], [0.597039764725294, 0.08428922322599457], [0.6009256445064259, 0.08192201653541628], [0.6034760717609335, 0.0848263804346788], [0.5974144386494823, 0.07980578332128231], [0.6369143028033741, 0.6101782170917157], [0.6400941326704035, 0.6138762308908535], [0.6378699030530123, 0.6122319629259138], [0.6358200569394026, 0.6111696579292876], [0.6382515670512312, 0.606488185898551], [0.6377820137254502, 0.6158876959437187], [0.6428316411240725, 0.6110587257432433], [0.6383621083789875, 0.6200278004143251], [0.6323354435677387, 0.6154409102560128], [0.6417674681982074, 0.6046818489309256], [0.6380184361313607, 0.6175834359899481], [0.6367227426904362, 0.6089998421570523], [0.6382909204022932, 0.6066257781094907], [0.6390753761821754, 0.6144309468067604], [0.5946240636061466, 0.08355370262928054], [0.5926454538379224, 0.08619701768209237], [0.5987259533675173, 0.08141658099366411], [0.5936888100510072, 0.08052930092102788], 