{"2": [0.042196632112862544, -0.37111327134099364], "4": [-0.21139524679077687, -0.4549674636462308], "7": [-0.04185058086795314, -0.5555077826346698], "5": [-0.041916457238102806, -0.8888551092567246], "21": [0.1056509927911074, -0.7384267587266301], "27": [0.1361403830255001, -1.0], "44": [0.06314905516326981, -0.7655362633752564], "39": [0.0605799978675425, -0.9642819968351771], "22": [-0.16341436069060597, -0.3255244967544117], "43": [-0.03758215442122936, -0.62609743159757], "8": [0.13068616814664602, -0.6376367827273357], "41": [-0.16075033799934302, -0.6043721173357699], "9": [-0.2584705369997451, -0.4785730504023349], "38": [-0.3455760892390451, -0.6880938611320209], "30": [-0.155142153836756, -0.7389379225561225], "40": [-0.13749928204788966, -0.47072075301939426], "15": [-0.179625829257968, -0.6487977660536335], "10": [0.12672410977649154, -0.465201391054133], "45": [0.19092418441842895, -0.16782463222457322], "12": [0.24397973923632182, -0.5476854101483869], "19": [0.04735770973986038, -0.6129533926103764], "1": [0.1596299838592675, -0.29998374528234506], "13": [-0.611909765714539, -0.5664660829777716], "47": [-0.3625818501251586, -0.5246722452362761], "17": [-0.47998139979377674, -0.43149143257559086], "14": [-0.1334148189358011, -0.5780792166836477], "42": [-0.08317022519577594, -0.7564873302339435], "34": [-0.01810509343007604, -0.7799829094794417], "16": [0.11297859313536485, -0.538545354166574], "23": [-0.41445957811058787, -0.5270509696260515], "18": [-0.14357509905434696, -0.09897458234055721], "31": [-0.08904343493798064, 0.05446320632149622], "20": [-0.2746143740633336, -0.7105467173791634], "3": [-0.3203002143091946, -0.0801278921308815], "24": [-0.5185729278042083, -0.4307805656289829], "28": [-0.2563067169469514, -0.3224592571219922], "26": [-0.527735916114492, -0.2642508801795483], "0": [-0.7013058976698815, -0.3492076283030102], "33": [-0.35565939136006564, -0.4055385589611037], "29": [-0.3871280203515136, -0.7468941347792226], "35": [0.15415026190349732, -0.8754417272236433], "48": [0.0654915010217822, -0.8062487554650174], "37": [-0.21891392063068002, -0.19963833989453064], "11": [-0.3154670010867139, -0.3406422878415682], "49": [-0.4576721991985245, -0.5625176092052449], "97": [0.11778559263618135, 0.602780179474446], "67": [0.006645210905842438, 0.3234414331550386], "57": [0.2294694197637104, 0.21273190590731628], "80": [-0.21228647849670768, 0.3146486017064114], "73": [-0.30514323045199704, 0.3471006471608176], "51": [0.3185091860090548, 0.4244434270865287], "71": [0.5023736464487073, 0.4644156000056314], "68": [0.32536358184861297, 0.553976736970198], "54": [0.4679395064763836, 0.6751774095141453], "83": [0.45222713882620197, 0.5506186736364397], "87": [0.3231424352228755, 0.6819939960038526], "56": [0.17484173162115782, 0.7716328259338388], "88": [0.15948097620537302, 0.6175314331717802], "59": [-0.11953803790712156, 0.7340416822076303], "50": [-0.3075796463020927, 0.8105487512913243], "55": [-0.2163164919837723, 0.6020001341540873], "74": [0.036213911796743437, 0.6724554325858054], "95": [-0.1484037435127732, 0.5562030236530863], "76": [-0.013758389564856706, 0.8561094217034163], "63": [0.23694811218869183, 0.8862441892864915], "96": [0.16707803341834362, 0.9106412836590998], "64": [0.22474228867167603, 0.7831801093518287], "66": [0.4178061957991584, 0.7203545089257876], "61": [0.6475821032408828, 0.6553515574319085], "89": [0.2680596880418244, 0.6938115971905261], "72": [0.0480790378104719, 0.5172227739524811], "53": [-0.04683308948533506, 0.6275997629992883], "79": [0.38791275470541053, 0.4967275433661779], "82": [0.09887958614893554, 0.8747430673991224], "70": [0.7185324829520309, 0.6291403608387799], "78": [0.6668244307223768, 0.7378220811233197], "94": [0.7247573152737131, 0.6907957260997887], "85": [-0.5284156941618174, 0.4921299958201108], "62": [-0.552929072066833, 0.4258776439585571], "90": [0.04885996395851852, 0.47939359700382284], "92": [0.8349539069404878, 0.5526839118779461], "93": [0.6537044683187807, 0.5145095673434922], "99": [0.019655865999628586, 0.7125776704479968], "98": [-0.0636631359933906, 0.7200144064280305]}